{"cameraMode":{"drawMode":0,"name":"Shaded","section":"Shading Mode"},"sceneLighting":false,"audioPlay":false,"sceneViewState":{"m_AlwaysRefresh":false,"showFog":true,"showSkybox":false,"showFlares":true,"showImageEffects":true,"showParticleSystems":true,"showVisualEffectGraphs":true,"m_FxEnabled":true},"in2DMode":false,"pivot":{"x":2.384185791015625e-7,"y":1.7994234561920167,"z":-0.03748524188995361},"rotation":{"x":0.24133747816085816,"y":0.6546486020088196,"z":-0.23329608142375947,"w":0.6773457527160645},"size":1.4409886598587037,"orthographic":false}